<?xml version="1.0" encoding="UTF-8"?>

<!-- ==================================================================== -->
<!--  Datasource config for MySQL using 2.0.11 driver                     -->
<!--  for JBoss-3.2.3                                                     -->
<!-- ==================================================================== -->

<datasources>
  <local-tx-datasource>
    <jndi-name>TPCWDS</jndi-name>
    <connection-url>jdbc:mysql://localhost:3306/tpcw</connection-url>
    <driver-class>org.gjt.mm.mysql.Driver</driver-class>
    <user-name></user-name>
    <password></password>
  </local-tx-datasource>

</datasources>
