<?xml version="1.0" encoding="UTF-8"?>

<!DOCTYPE jbosscmp-jdbc PUBLIC   
   "-//JBoss//DTD JBOSSCMP-JDBC 3.0//EN"
   "http://www.jboss.org/j2ee/dtd/jbosscmp-jdbc_3_0.dtd">

<jbosscmp-jdbc>

   <enterprise-beans>

      <entity>
         <ejb-name>IdManager</ejb-name>
         <datasource>java:/TPCWDS</datasource>
         <datasource-mapping>mySQL</datasource-mapping>
         <create-table>false</create-table>
         <remove-table>false</remove-table>
         <table-name>ids</table-name>

         <cmp-field>
            <field-name>id</field-name>
            <column-name>id</column-name>
         </cmp-field>
         <cmp-field>
            <field-name>addressId</field-name>
            <column-name>address_id</column-name>
         </cmp-field>
         <cmp-field>
            <field-name>customerId</field-name>
            <column-name>customer_id</column-name>
         </cmp-field>
         <cmp-field>
            <field-name>orderId</field-name>
            <column-name>order_id</column-name>
         </cmp-field>
      </entity>

      <entity>
         <ejb-name>Address</ejb-name>
         <datasource>java:/TPCWDS</datasource>
         <datasource-mapping>mySQL</datasource-mapping>
         <create-table>false</create-table>
         <remove-table>false</remove-table>
         <table-name>address</table-name>

         <cmp-field>
            <field-name>ADDR_ID</field-name>
            <column-name>ADDR_ID</column-name>
         </cmp-field>
         <cmp-field>
            <field-name>ADDR_STREET1</field-name>
            <column-name>ADDR_STREET1</column-name>
         </cmp-field>
         <cmp-field>
            <field-name>ADDR_STREET2</field-name>
            <column-name>ADDR_STREET2</column-name>
         </cmp-field>
         <cmp-field>
            <field-name>ADDR_CITY</field-name>
            <column-name>ADDR_CITY</column-name>
         </cmp-field>
         <cmp-field>
            <field-name>ADDR_STATE</field-name>
            <column-name>ADDR_STATE</column-name>
         </cmp-field>
         <cmp-field>
            <field-name>ADDR_ZIP</field-name>
            <column-name>ADDR_ZIP</column-name>
         </cmp-field>
         <cmp-field>
            <field-name>ADDR_CO_ID</field-name>
            <column-name>ADDR_CO_ID</column-name>
         </cmp-field>
      </entity>

      <entity>
         <ejb-name>Country</ejb-name>
         <datasource>java:/TPCWDS</datasource>
         <datasource-mapping>mySQL</datasource-mapping>
         <create-table>false</create-table>
         <remove-table>false</remove-table>
         <table-name>country</table-name>

         <cmp-field>
            <field-name>CO_ID</field-name>
            <column-name>CO_ID</column-name>
         </cmp-field>
         <cmp-field>
            <field-name>CO_NAME</field-name>
            <column-name>CO_NAME</column-name>
         </cmp-field>
         <cmp-field>
            <field-name>CO_EXCHANGE</field-name>
            <column-name>CO_EXCHANGE</column-name>
         </cmp-field>
         <cmp-field>
            <field-name>CO_CURRENCY</field-name>
            <column-name>CO_CURRENCY</column-name>
         </cmp-field>
      </entity>

      <entity>
         <ejb-name>Author</ejb-name>
         <datasource>java:/TPCWDS</datasource>
         <datasource-mapping>mySQL</datasource-mapping>
         <create-table>false</create-table>
         <remove-table>false</remove-table>
         <table-name>author</table-name>

         <cmp-field>
            <field-name>A_ID</field-name>
            <column-name>A_ID</column-name>
         </cmp-field>
         <cmp-field>
            <field-name>A_FNAME</field-name>
            <column-name>A_FNAME</column-name>
         </cmp-field>
         <cmp-field>
            <field-name>A_LNAME</field-name>
            <column-name>A_LNAME</column-name>
         </cmp-field>
         <cmp-field>
            <field-name>A_MNAME</field-name>
            <column-name>A_MNAME</column-name>
         </cmp-field>
         <cmp-field>
            <field-name>A_DOB</field-name>
            <column-name>A_DOB</column-name>
         </cmp-field>
         <cmp-field>
            <field-name>A_BIO</field-name>
            <column-name>A_BIO</column-name>
         </cmp-field>
      </entity>

      <entity>
         <ejb-name>Item</ejb-name>
         <datasource>java:/TPCWDS</datasource>
         <datasource-mapping>mySQL</datasource-mapping>
         <create-table>false</create-table>
         <remove-table>false</remove-table>
         <table-name>item</table-name>

         <cmp-field>
            <field-name>I_ID</field-name>
            <column-name>I_ID</column-name>
         </cmp-field>
         <cmp-field>
            <field-name>I_TITLE</field-name>
            <column-name>I_TITLE</column-name>
         </cmp-field>
         <cmp-field>
            <field-name>I_A_ID</field-name>
            <column-name>I_A_ID</column-name>
         </cmp-field>
         <cmp-field>
            <field-name>I_PUB_DATE</field-name>
            <column-name>I_PUB_DATE</column-name>
         </cmp-field>
         <cmp-field>
            <field-name>I_PUBLISHER</field-name>
            <column-name>I_PUBLISHER</column-name>
         </cmp-field>
         <cmp-field>
            <field-name>I_SUBJECT</field-name>
            <column-name>I_SUBJECT</column-name>
         </cmp-field>
         <cmp-field>
            <field-name>I_DESC</field-name>
            <column-name>I_DESC</column-name>
         </cmp-field>
         <cmp-field>
            <field-name>I_RELATED1</field-name>
            <column-name>I_RELATED1</column-name>
         </cmp-field>
         <cmp-field>
            <field-name>I_RELATED2</field-name>
            <column-name>I_RELATED2</column-name>
         </cmp-field>
         <cmp-field>
            <field-name>I_RELATED3</field-name>
            <column-name>I_RELATED3</column-name>
         </cmp-field>
         <cmp-field>
            <field-name>I_RELATED4</field-name>
            <column-name>I_RELATED4</column-name>
         </cmp-field>
         <cmp-field>
            <field-name>I_RELATED5</field-name>
            <column-name>I_RELATED5</column-name>
         </cmp-field>
         <cmp-field>
            <field-name>I_THUMBNAIL</field-name>
            <column-name>I_THUMBNAIL</column-name>
         </cmp-field>
         <cmp-field>
            <field-name>I_IMAGE</field-name>
            <column-name>I_IMAGE</column-name>
         </cmp-field>
         <cmp-field>
            <field-name>I_SRP</field-name>
            <column-name>I_SRP</column-name>
         </cmp-field>
         <cmp-field>
            <field-name>I_COST</field-name>
            <column-name>I_COST</column-name>
         </cmp-field>
         <cmp-field>
            <field-name>I_AVAIL</field-name>
            <column-name>I_AVAIL</column-name>
         </cmp-field>
         <cmp-field>
            <field-name>I_STOCK</field-name>
            <column-name>I_STOCK</column-name>
         </cmp-field>
         <cmp-field>
            <field-name>I_ISBN</field-name>
            <column-name>I_ISBN</column-name>
         </cmp-field>
         <cmp-field>
            <field-name>I_PAGE</field-name>
            <column-name>I_PAGE</column-name>
         </cmp-field>
         <cmp-field>
            <field-name>I_BACKING</field-name>
            <column-name>I_BACKING</column-name>
         </cmp-field>
         <cmp-field>
            <field-name>I_DIMENSIONS</field-name>
            <column-name>I_DIMENSIONS</column-name>
         </cmp-field>

         <query>
         	<query-method>
            	<method-name>findByTitle</method-name>
            	<method-params>
               		<method-param>java.lang.String</method-param>
               		<method-param>int</method-param>
               	</method-params>
            </query-method>
            <jboss-ql><![CDATA[
               SELECT OBJECT(I)
               FROM item I
               WHERE I.I_TITLE LIKE ?1 
               ORDER BY I.I_TITLE ASC LIMIT ?2
            ]]></jboss-ql>
         </query>
         
         <query>
         	<query-method>
            	<method-name>findBySubject</method-name>
            	<method-params>
               		<method-param>java.lang.String</method-param>
               		<method-param>int</method-param>
               	</method-params>
            </query-method>
            <jboss-ql><![CDATA[
               SELECT OBJECT(I)
               FROM item I
               WHERE I.I_SUBJECT = ?1
               ORDER BY I.I_TITLE ASC LIMIT ?2
            ]]></jboss-ql>
         </query>
         
         <query>
         	<query-method>
            	<method-name>findNewBySubject</method-name>
            	<method-params>
               		<method-param>java.lang.String</method-param>
               		<method-param>int</method-param>
               	</method-params>
            </query-method>
            <jboss-ql><![CDATA[
               SELECT OBJECT(I)
               FROM item I
               WHERE I.I_SUBJECT = ?1
               ORDER BY I.I_PUB_DATE DESC LIMIT ?2
            ]]></jboss-ql>
         </query>
      </entity>

      <entity>
         <ejb-name>Customer</ejb-name>
         <datasource>java:/TPCWDS</datasource>
         <datasource-mapping>mySQL</datasource-mapping>
         <create-table>false</create-table>
         <remove-table>false</remove-table>
         <table-name>customer</table-name>

         <cmp-field>
            <field-name>C_ID</field-name>
            <column-name>C_ID</column-name>
         </cmp-field>
         <cmp-field>
            <field-name>C_UNAME</field-name>
            <column-name>C_UNAME</column-name>
         </cmp-field>
         <cmp-field>
            <field-name>C_PASSWD</field-name>
            <column-name>C_PASSWD</column-name>
         </cmp-field>
         <cmp-field>
            <field-name>C_FNAME</field-name>
            <column-name>C_FNAME</column-name>
         </cmp-field>
         <cmp-field>
            <field-name>C_LNAME</field-name>
            <column-name>C_LNAME</column-name>
         </cmp-field>
         <cmp-field>
            <field-name>C_ADDR_ID</field-name>
            <column-name>C_ADDR_ID</column-name>
         </cmp-field>
         <cmp-field>
            <field-name>C_PHONE</field-name>
            <column-name>C_PHONE</column-name>
         </cmp-field>
         <cmp-field>
            <field-name>C_EMAIL</field-name>
            <column-name>C_EMAIL</column-name>
         </cmp-field>
         <cmp-field>
            <field-name>C_SINCE</field-name>
            <column-name>C_SINCE</column-name>
         </cmp-field>
         <cmp-field>
            <field-name>C_LAST_VISIT</field-name>
            <column-name>C_LAST_VISIT</column-name>
         </cmp-field>
         <cmp-field>
            <field-name>C_LOGIN</field-name>
            <column-name>C_LOGIN</column-name>
         </cmp-field>
         <cmp-field>
            <field-name>C_EXPIRATION</field-name>
            <column-name>C_EXPIRATION</column-name>
         </cmp-field>
         <cmp-field>
            <field-name>C_DISCOUNT</field-name>
            <column-name>C_DISCOUNT</column-name>
         </cmp-field>
         <cmp-field>
            <field-name>C_BALANCE</field-name>
            <column-name>C_BALANCE</column-name>
         </cmp-field>
         <cmp-field>
            <field-name>C_YTD_PMT</field-name>
            <column-name>C_YTD_PMT</column-name>
         </cmp-field>
         <cmp-field>
            <field-name>C_BIRTHDATE</field-name>
            <column-name>C_BIRTHDATE</column-name>
         </cmp-field>
         <cmp-field>
            <field-name>C_DATA</field-name>
            <column-name>C_DATA</column-name>
         </cmp-field>
      </entity>

      <entity>
         <ejb-name>Cc_xact</ejb-name>
         <datasource>java:/TPCWDS</datasource>
         <datasource-mapping>mySQL</datasource-mapping>
         <create-table>false</create-table>
         <remove-table>false</remove-table>
         <table-name>cc_xacts</table-name>

         <cmp-field>
            <field-name>CX_O_ID</field-name>
            <column-name>CX_O_ID</column-name>
         </cmp-field>
         <cmp-field>
            <field-name>CX_TYPE</field-name>
            <column-name>CX_TYPE</column-name>
         </cmp-field>
         <cmp-field>
            <field-name>CX_NUM</field-name>
            <column-name>CX_NUM</column-name>
         </cmp-field>
         <cmp-field>
            <field-name>CX_NAME</field-name>
            <column-name>CX_NAME</column-name>
         </cmp-field>
         <cmp-field>
            <field-name>CX_EXPIRE</field-name>
            <column-name>CX_EXPIRE</column-name>
         </cmp-field>
         <cmp-field>
            <field-name>CX_AUTH_ID</field-name>
            <column-name>CX_AUTH_ID</column-name>
         </cmp-field>
         <cmp-field>
            <field-name>CX_XACT_AMT</field-name>
            <column-name>CX_XACT_AMT</column-name>
         </cmp-field>
         <cmp-field>
            <field-name>CX_XACT_DATE</field-name>
            <column-name>CX_XACT_DATE</column-name>
         </cmp-field>
         <cmp-field>
            <field-name>CX_CO_ID</field-name>
            <column-name>CX_CO_ID</column-name>
         </cmp-field>
      </entity>

      <entity>
         <ejb-name>Order</ejb-name>
         <datasource>java:/TPCWDS</datasource>
         <datasource-mapping>mySQL</datasource-mapping>
         <create-table>false</create-table>
         <remove-table>false</remove-table>
         <table-name>orders</table-name>

         <cmp-field>
            <field-name>O_ID</field-name>
            <column-name>O_ID</column-name>
         </cmp-field>
         <cmp-field>
            <field-name>O_C_ID</field-name>
            <column-name>O_C_ID</column-name>
         </cmp-field>
         <cmp-field>
            <field-name>O_DATE</field-name>
            <column-name>O_DATE</column-name>
         </cmp-field>
         <cmp-field>
            <field-name>O_SUB_TOTAL</field-name>
            <column-name>O_SUB_TOTAL</column-name>
         </cmp-field>
         <cmp-field>
            <field-name>O_TAX</field-name>
            <column-name>O_TAX</column-name>
         </cmp-field>
         <cmp-field>
            <field-name>O_TOTAL</field-name>
            <column-name>O_TOTAL</column-name>
         </cmp-field>
         <cmp-field>
            <field-name>O_SHIP_TYPE</field-name>
            <column-name>O_SHIP_TYPE</column-name>
         </cmp-field>
         <cmp-field>
            <field-name>O_SHIP_DATE</field-name>
            <column-name>O_SHIP_DATE</column-name>
         </cmp-field>
         <cmp-field>
            <field-name>O_BILL_ADDR_ID</field-name>
            <column-name>O_BILL_ADDR_ID</column-name>
         </cmp-field>
         <cmp-field>
            <field-name>O_SHIP_ADDR_ID</field-name>
            <column-name>O_SHIP_ADDR_ID</column-name>
         </cmp-field>
         <cmp-field>
            <field-name>O_STATUS</field-name>
            <column-name>O_STATUS</column-name>
         </cmp-field>
      </entity>

      <entity>
         <ejb-name>OrderLine</ejb-name>
         <datasource>java:/TPCWDS</datasource>
         <datasource-mapping>mySQL</datasource-mapping>
         <create-table>false</create-table>
         <remove-table>false</remove-table>
         <table-name>order_line</table-name>

         <cmp-field>
            <field-name>OL_ID</field-name>
            <column-name>OL_ID</column-name>
         </cmp-field>
         <cmp-field>
            <field-name>OL_O_ID</field-name>
            <column-name>OL_O_ID</column-name>
         </cmp-field>
         <cmp-field>
            <field-name>OL_I_ID</field-name>
            <column-name>OL_I_ID</column-name>
         </cmp-field>
         <cmp-field>
            <field-name>OL_QTY</field-name>
            <column-name>OL_QTY</column-name>
         </cmp-field>
         <cmp-field>
            <field-name>OL_DISCOUNT</field-name>
            <column-name>OL_DISCOUNT</column-name>
         </cmp-field>
         <cmp-field>
            <field-name>OL_COMMENTS</field-name>
            <column-name>OL_COMMENTS</column-name>
         </cmp-field>
      </entity>

   </enterprise-beans>
</jbosscmp-jdbc>
